<?xml version="1.0" encoding="UTF-8"?>

<nodeInfo xmlns:xsi="http://www.w3.org/2001/XMLSchema-instance"
   	xsi:noNamespaceSchemaLocation="macroNodeInfo.xsd">
	<name>node1</name>
	<mimVersion>4.1.189</mimVersion>
	<ipAddress>10.20.112.1</ipAddress>
	<site>site3</site>
	<nodeType>ERBS</nodeType>
	<!--autoIntegration>
		<unlockCells>false</unlockCells>	    
	</autoIntegration-->
	<artifacts>
		<siteBasic>SiteBasic.xml</siteBasic>
		<siteInstall>SiteInstallation.xml</siteInstall>
		<siteEquipment>SiteEquipment.xml</siteEquipment>
		<transport>TN_Data.xml</transport>
		<radio>RN_Data.xml</radio>
	</artifacts>
</nodeInfo>
