<?xml version="1.0" encoding="UTF-8"?>
<LicenseDataFile xmlns="http://www.ericsson.se/oss/shm/ldf/" xmlns:xsi="http://www.w3.org/2001/XMLSchema-instance" xsi:schemaLocation="http://www.ericsson.se/oss/shm/ldf/ LicenseDataFile.xsd">
<Body>
<LicenseKeyFileName>ERBSREF2_090827_085012.xml</LicenseKeyFileName>
<TargetNodeType>LTE</TargetNodeType>
<Fingerprint print="ERBSREF2"/>
<SequenceNumber>1000</SequenceNumber>
<Generated>2009-08-27T08:50:12</Generated>
<LicenseKey id="CXC4010071/4003">
<Type>CAPACITY</Type>
<Description>lte_license_for_bss</Description>
<value>16</value>
<start>2009-08-27</start>
<stop/>
</LicenseKey>
<LicenseKey id="CXC4010071/4002">
<Type>CAPACITY</Type>
<Description>lte_license_for_bss</Description>
<value>16</value>
<start>2009-08-27</start>
<stop/>
</LicenseKey>
</Body>
<Signature>d1bc1636bfcc7041efe2f4d361a9b3f0</Signature>
</LicenseDataFile>
